﻿<?xml version="1.0" encoding="utf-8"?><HelpTOCNode Title="ValidaDadosOutput Methods" Url="html/1a45de09-5bcd-eead-83b1-a3a3e6be2445.htm"><HelpTOCNode Title="DevolveConjuntoAlunos Method " Url="html/ab4e5701-e9eb-3db5-5d30-86023a076f2b.htm" /><HelpTOCNode Title="DevolveConjuntoAulas Method " Url="html/f8225d51-f8dc-b4d4-d593-58b6c206e56a.htm" /><HelpTOCNode Title="GuardaInformacao Method " Url="html/bbd7cf86-ea9d-c799-f6ce-5d1f875b941c.htm" /><HelpTOCNode Title="PesquisaAluno Method " Url="html/1d116bd9-4b1f-fdf7-20b2-00eb1cd1f693.htm" /><HelpTOCNode Title="PesquisaDocente Method " Url="html/5f2c76d7-c984-dc7c-9afb-506d7fdf515c.htm" /><HelpTOCNode Title="VerificaSeAlunoExiste Method " Url="html/ce0a6dc2-7c32-ddb4-9622-13f46ff3c116.htm" /><HelpTOCNode Title="VerificaSeDocenteExiste Method " Url="html/e10de3a0-ee49-d8ad-61b3-f529b32ed8ef.htm" /><HelpTOCNode Title="VerificaSeTurmaExiste Method " Url="html/a37e7c44-bcb6-832c-e4b4-3a292142aca5.htm" /></HelpTOCNode>