﻿<?xml version="1.0" encoding="utf-8"?><HelpTOCNode Title="Pessoas Methods" Url="html/c5cee9b5-c94a-78ee-0c94-a14c64550be1.htm"><HelpTOCNode Title="CarregaPessoas Method " Url="html/d66ceaef-057e-0b01-bbd0-44bc290cfe3f.htm" /><HelpTOCNode Title="DevolveAluno Method " Url="html/ccc1c34c-fe56-9ae9-8ad0-41812d026082.htm" /><HelpTOCNode Title="DevolveDocente Method " Url="html/744748b1-c583-9d63-c99f-2b9a10065a09.htm" /><HelpTOCNode Title="ExisteAluno Method " Url="html/e062f10e-48c0-47c8-8f58-5e0654d812ef.htm" HasChildren="true" /><HelpTOCNode Title="ExisteDocente Method " Url="html/dfe821d8-7dae-38d9-73dd-88b886d6d5b0.htm" HasChildren="true" /><HelpTOCNode Title="GuardaPessoas Method " Url="html/a36235e7-e506-3275-2e2b-238d0ea8906f.htm" /><HelpTOCNode Title="InsereAluno Method " Url="html/ce6f1006-7638-74a9-f605-8ed0f22379a7.htm" /><HelpTOCNode Title="InsereDocente Method " Url="html/7b56ae52-e2a3-bbda-7a4f-dfdcba120eda.htm" /></HelpTOCNode>