﻿<?xml version="1.0" encoding="utf-8"?><HelpTOCNode Title="DataLayer_DL" Url="html/ed9e83c2-da47-4e42-a6ee-299671010a5c.htm"><HelpTOCNode Title="Aulas Class" Url="html/86fa915a-a047-1ee6-7e77-7b3d0aa2334e.htm" HasChildren="true" /><HelpTOCNode Title="Comparador Class" Url="html/4a3ef9f0-ef8e-21fc-1686-a1e60096c9d6.htm" HasChildren="true" /><HelpTOCNode Title="Curso Class" Url="html/6bf31180-f5f9-3383-f9d9-d6c2bf8b28d1.htm" HasChildren="true" /><HelpTOCNode Title="DireccaoOrdenacao Enumeration" Url="html/9b80a704-e520-f642-658c-d06b5889f622.htm" /><HelpTOCNode Title="Pessoas Class" Url="html/1991d8b8-45e5-0a84-008b-95fea3039e6d.htm" HasChildren="true" /><HelpTOCNode Title="RegimeEstudos Enumeration" Url="html/f18b5cfe-1b66-bbe9-88c1-39f16f98b1cd.htm" /><HelpTOCNode Title="TabelaDeHash Class" Url="html/c6b5f0c8-83e4-c9a8-d0cc-28b20ef9fb1f.htm" HasChildren="true" /><HelpTOCNode Title="Turma Class" Url="html/61a8b7dc-ec1b-2e56-586e-8e7c7002847c.htm" HasChildren="true" /></HelpTOCNode>