﻿<?xml version="1.0" encoding="utf-8"?>
<HelpKI>
  <HelpKINode Title="AED enumeration member" Url="html/b511a3c4-e1bf-4952-27eb-275affb9c05a.htm" />
  <HelpKINode Title="Aluno class">
    <HelpKINode Title="Aluno Class" Url="html/bdfbcbc8-4586-33e2-b137-c66fe93032e6.htm" />
    <HelpKINode Title="about Aluno class" Url="html/bdfbcbc8-4586-33e2-b137-c66fe93032e6.htm" />
    <HelpKINode Title="constructor" Url="html/4e673cb7-a5fd-6261-a67c-dad0a749cc22.htm" />
    <HelpKINode Title="fields" Url="html/ca2f089f-8ade-cced-6f8e-0b6907b081e5.htm" />
    <HelpKINode Title="methods" Url="html/6cd31bd4-c96d-f0b0-16b5-9661dd5c4541.htm" />
    <HelpKINode Title="properties" Url="html/ccffb7fa-8cd8-c0dd-c9e8-7172d2141a0d.htm" />
  </HelpKINode>
  <HelpKINode Title="Aluno.Aluno constructor" Url="html/4e673cb7-a5fd-6261-a67c-dad0a749cc22.htm" />
  <HelpKINode Title="Aluno.propinasRegularizadas field" Url="html/f4489837-fce4-61d4-7b76-34f60e970e71.htm" />
  <HelpKINode Title="Aluno.PropinasRegularizadas property" Url="html/f043172c-5f4f-0b25-237b-6778aafa06d3.htm" />
  <HelpKINode Title="Ascendente enumeration member" Url="html/9b80a704-e520-f642-658c-d06b5889f622.htm" />
  <HelpKINode Title="Aula class">
    <HelpKINode Title="Aula Class" Url="html/0ee5bd93-797f-ffa6-440e-a45e883de141.htm" />
    <HelpKINode Title="about Aula class" Url="html/0ee5bd93-797f-ffa6-440e-a45e883de141.htm" />
    <HelpKINode Title="constructor" Url="html/082f6609-573e-ccb8-c061-6e888d5e2eac.htm" />
    <HelpKINode Title="fields" Url="html/a0e5bd19-d5d2-36ad-0dcc-8fde13278803.htm" />
    <HelpKINode Title="methods" Url="html/b89656dc-26f5-9160-f87b-1229aa0ac4b8.htm" />
    <HelpKINode Title="operators" Url="html/f732d9d1-8aed-c6d0-3ce6-21e5f041aec9.htm" />
    <HelpKINode Title="properties" Url="html/c3c42ae7-cbfc-1b27-8ca2-822859f1fb0d.htm" />
  </HelpKINode>
  <HelpKINode Title="Aula.Aula constructor" Url="html/082f6609-573e-ccb8-c061-6e888d5e2eac.htm" />
  <HelpKINode Title="Aula.data field" Url="html/f356169f-d7ac-27da-9d0c-7c79857a7cfe.htm" />
  <HelpKINode Title="Aula.Data property" Url="html/d8e07197-8e3a-c2ec-fd0c-cd8bc99b6c0f.htm" />
  <HelpKINode Title="Aula.Equality operator" Url="html/2026d851-2af2-42f3-1b43-14b26d6e1ae1.htm" />
  <HelpKINode Title="Aula.Equals method" Url="html/b3101992-7f7e-ba04-9e54-c8bdea564bee.htm" />
  <HelpKINode Title="Aula.identificacaoTurma field" Url="html/38217f5d-50fe-29be-0814-9a19f02777bd.htm" />
  <HelpKINode Title="Aula.IdentificacaoTurma property" Url="html/fa0216c3-39df-7132-b631-983d3de5f1b8.htm" />
  <HelpKINode Title="Aula.Inequality operator" Url="html/836bd000-529e-72cb-b974-e286aae2febe.htm" />
  <HelpKINode Title="Aula.numeroDocente field" Url="html/9fe9afe4-d8b3-f8df-b942-328392f69887.htm" />
  <HelpKINode Title="Aula.NumeroDocente property" Url="html/7363837c-bec2-81ec-8b94-d31e0793848a.htm" />
  <HelpKINode Title="Aula.sala field" Url="html/c8462469-8890-9387-6977-83e88461864b.htm" />
  <HelpKINode Title="Aula.Sala property" Url="html/4e0c9024-1763-77d4-afda-a246d449fb98.htm" />
  <HelpKINode Title="Aula.unidadeCurricular field" Url="html/5a469e37-fa14-e3e0-f9b4-aede26ce7389.htm" />
  <HelpKINode Title="Aula.UnidadeCurricular property" Url="html/f1582bbd-0092-162a-2ddd-0d5b886dbaeb.htm" />
  <HelpKINode Title="Aulas class">
    <HelpKINode Title="Aulas Class" Url="html/86fa915a-a047-1ee6-7e77-7b3d0aa2334e.htm" />
    <HelpKINode Title="about Aulas class" Url="html/86fa915a-a047-1ee6-7e77-7b3d0aa2334e.htm" />
    <HelpKINode Title="constructor" Url="html/71de8791-1db9-9519-91e4-1a2440306cec.htm" />
    <HelpKINode Title="fields" Url="html/b8a025df-c13e-1749-74f8-793063c050a4.htm" />
    <HelpKINode Title="methods" Url="html/5bb58356-5441-070e-948c-4488838fdc26.htm" />
  </HelpKINode>
  <HelpKINode Title="Aulas.Aulas constructor" Url="html/71de8791-1db9-9519-91e4-1a2440306cec.htm" />
  <HelpKINode Title="Aulas.CarregaAulas method" Url="html/8c8ec8b5-2e67-5cb4-cb01-b0fa823f0736.htm" />
  <HelpKINode Title="Aulas.conjuntoAulas field" Url="html/8b70bc27-2824-c389-1e42-a5c0a7c46eab.htm" />
  <HelpKINode Title="Aulas.DevolveAulasCurso method" Url="html/cf7722e1-3e39-2a40-af6f-5ba5f2991340.htm" />
  <HelpKINode Title="Aulas.DevolveAulasCursoOrdenados method" Url="html/6211e25c-64c5-18e8-050a-cc1227e6cd91.htm" />
  <HelpKINode Title="Aulas.GuardaAulas method" Url="html/ed85d0b7-a463-b457-1f3e-df3c3b0b2d9f.htm" />
  <HelpKINode Title="Aulas.InsereAula method" Url="html/dbebe4ff-0105-0bc0-7650-7b80207f643c.htm" />
  <HelpKINode Title="Aulas.MAXHASHTABLE field" Url="html/93b91376-f9f2-bd14-9bac-dbd6da73aaeb.htm" />
  <HelpKINode Title="BusinessLayer_BL namespace" Url="html/93f6de75-d0a0-de96-be00-f27a25337354.htm" />
  <HelpKINode Title="BusinessLayer_BL.ValidaDadosInput class" Url="html/cc3adb2b-c877-7bdf-4e87-a751e14bb53a.htm" />
  <HelpKINode Title="BusinessLayer_BL.ValidaDadosOutput class" Url="html/62e348b7-2c79-45c1-2f9c-66c1d2570f43.htm" />
  <HelpKINode Title="BusinessObject_BO namespace" Url="html/5e0b2247-9640-233f-1e74-2d9a0f234f08.htm" />
  <HelpKINode Title="BusinessObject_BO.Aluno class" Url="html/bdfbcbc8-4586-33e2-b137-c66fe93032e6.htm" />
  <HelpKINode Title="BusinessObject_BO.Aula class" Url="html/0ee5bd93-797f-ffa6-440e-a45e883de141.htm" />
  <HelpKINode Title="BusinessObject_BO.Docente class" Url="html/6d3748ad-c05b-bc42-0f6c-1c79a8937cf3.htm" />
  <HelpKINode Title="BusinessObject_BO.GrauAcademico enumeration" Url="html/008fd3c4-b712-e16a-ae34-b941d9b87cfd.htm" />
  <HelpKINode Title="BusinessObject_BO.Pessoa class" Url="html/ae18905e-95e1-42f1-21c3-5d7a8d4c307c.htm" />
  <HelpKINode Title="BusinessObject_BO.UnidadeCurricular enumeration" Url="html/b511a3c4-e1bf-4952-27eb-275affb9c05a.htm" />
  <HelpKINode Title="CarregaAulas method" Url="html/8c8ec8b5-2e67-5cb4-cb01-b0fa823f0736.htm" />
  <HelpKINode Title="CarregaCurso method" Url="html/b952cdfc-d3e0-2afd-ae6e-493d3ddcc427.htm" />
  <HelpKINode Title="CarregaInformacao method" Url="html/96630abc-987b-09dd-c9d3-ba4ccff7c8e2.htm" />
  <HelpKINode Title="CarregaPessoas method" Url="html/d66ceaef-057e-0b01-bbd0-44bc290cfe3f.htm" />
  <HelpKINode Title="Comparador class">
    <HelpKINode Title="Comparador Class" Url="html/4a3ef9f0-ef8e-21fc-1686-a1e60096c9d6.htm" />
    <HelpKINode Title="about Comparador class" Url="html/4a3ef9f0-ef8e-21fc-1686-a1e60096c9d6.htm" />
    <HelpKINode Title="constructor" Url="html/64af41fa-2840-5db9-21f8-06526b329efa.htm" />
    <HelpKINode Title="fields" Url="html/017e78c0-2c4e-909a-8822-49d610289c1a.htm" />
    <HelpKINode Title="methods" Url="html/54748fe2-4c79-b475-d0a6-c6e82aa5dfed.htm" />
  </HelpKINode>
  <HelpKINode Title="Comparador.Comparador constructor" Url="html/64af41fa-2840-5db9-21f8-06526b329efa.htm" />
  <HelpKINode Title="Comparador.Compare method" Url="html/6bb21428-72c9-04a9-6428-d3b1cd80f919.htm" />
  <HelpKINode Title="Comparador.direccao field" Url="html/a957c8d4-bedb-3dac-025f-9ae793a9ab09.htm" />
  <HelpKINode Title="Compare method" Url="html/6bb21428-72c9-04a9-6428-d3b1cd80f919.htm" />
  <HelpKINode Title="conjuntoAlunos field" Url="html/107e4cab-ffa8-b89a-a921-dd760016c8a9.htm" />
  <HelpKINode Title="conjuntoAlunosIdentificacao field" Url="html/ed0b51e8-1a4c-bedf-a62d-d31c0004d579.htm" />
  <HelpKINode Title="ConjuntoAlunosIdentificacao property" Url="html/34e854c9-a81f-5c81-a315-562d679647dd.htm" />
  <HelpKINode Title="conjuntoAulas field">
    <HelpKINode Title="Aulas.conjuntoAulas Field" Url="html/8b70bc27-2824-c389-1e42-a5c0a7c46eab.htm" />
    <HelpKINode Title="Curso.conjuntoAulas Field" Url="html/fd74c434-dcef-789a-8cde-446e5637a476.htm" />
  </HelpKINode>
  <HelpKINode Title="conjuntoDocentes field" Url="html/6835b04f-a703-f4ae-0376-bcfd440c2559.htm" />
  <HelpKINode Title="conjuntoTurma field" Url="html/f38f8ad7-8260-d195-69a3-3475b1afcc32.htm" />
  <HelpKINode Title="contadorAlunos field">
    <HelpKINode Title="Pessoas.contadorAlunos Field" Url="html/5058bbdb-51cd-e99d-db6b-324d000b3026.htm" />
    <HelpKINode Title="Turma.contadorAlunos Field" Url="html/00f1dd74-c7ff-7d29-5285-2b435163f3cd.htm" />
  </HelpKINode>
  <HelpKINode Title="ContadorAlunos property" Url="html/03b31e6f-51ce-7b8e-af77-8917e0d51437.htm" />
  <HelpKINode Title="contadorAulasInseridas field" Url="html/b788b7ac-651e-81a7-6943-1e2145c7ab68.htm" />
  <HelpKINode Title="ContadorAulasInseridas property" Url="html/2acabf35-4e38-48c0-84b5-0c3db715c5ed.htm" />
  <HelpKINode Title="contadorDocentes field" Url="html/4bbe9f79-e0d4-e507-55dd-352a0c5f20f2.htm" />
  <HelpKINode Title="contadorTurmasInseridas field" Url="html/9996623b-2ad3-402e-6f9c-15d9d169ac60.htm" />
  <HelpKINode Title="ContadorTurmasInseridas property" Url="html/260ac465-0cd3-594a-726b-e7312b971a69.htm" />
  <HelpKINode Title="CriaTurma method" Url="html/5730a97c-fe1a-bdde-6a14-1dfed9d12650.htm" />
  <HelpKINode Title="Curso class">
    <HelpKINode Title="Curso Class" Url="html/6bf31180-f5f9-3383-f9d9-d6c2bf8b28d1.htm" />
    <HelpKINode Title="about Curso class" Url="html/6bf31180-f5f9-3383-f9d9-d6c2bf8b28d1.htm" />
    <HelpKINode Title="constructor" Url="html/08a17455-76ce-d2e7-fd93-635c4a7e1814.htm" />
    <HelpKINode Title="fields" Url="html/7be1f21b-ff22-e7d9-3cb9-caa2b2f5b5c9.htm" />
    <HelpKINode Title="methods" Url="html/338b7906-66f0-07de-0078-1c02d8795e14.htm" />
    <HelpKINode Title="properties" Url="html/73a71a80-658d-9f3e-59e9-e0faceea6c07.htm" />
  </HelpKINode>
  <HelpKINode Title="Curso.CarregaCurso method" Url="html/b952cdfc-d3e0-2afd-ae6e-493d3ddcc427.htm" />
  <HelpKINode Title="Curso.conjuntoAulas field" Url="html/fd74c434-dcef-789a-8cde-446e5637a476.htm" />
  <HelpKINode Title="Curso.conjuntoTurma field" Url="html/f38f8ad7-8260-d195-69a3-3475b1afcc32.htm" />
  <HelpKINode Title="Curso.contadorAulasInseridas field" Url="html/b788b7ac-651e-81a7-6943-1e2145c7ab68.htm" />
  <HelpKINode Title="Curso.ContadorAulasInseridas property" Url="html/2acabf35-4e38-48c0-84b5-0c3db715c5ed.htm" />
  <HelpKINode Title="Curso.contadorTurmasInseridas field" Url="html/9996623b-2ad3-402e-6f9c-15d9d169ac60.htm" />
  <HelpKINode Title="Curso.ContadorTurmasInseridas property" Url="html/260ac465-0cd3-594a-726b-e7312b971a69.htm" />
  <HelpKINode Title="Curso.Curso constructor" Url="html/08a17455-76ce-d2e7-fd93-635c4a7e1814.htm" />
  <HelpKINode Title="Curso.DevolveAlunosTurma method" Url="html/28532b58-c479-291d-3556-3db292e4556d.htm" />
  <HelpKINode Title="Curso.GuardaCurso method" Url="html/739ad2ee-d13a-6349-d557-d1852320632a.htm" />
  <HelpKINode Title="Curso.InsereAluno method" Url="html/acc91a79-99ae-9397-ff76-d13c99fdbdef.htm" />
  <HelpKINode Title="Curso.InsereTurma method" Url="html/0dd609d1-566b-595c-90cc-9ef681e32bb9.htm" />
  <HelpKINode Title="Curso.MAXIMOAULAS field" Url="html/bcd44106-4089-1251-8b1d-11dbf0041621.htm" />
  <HelpKINode Title="Curso.MAXIMOTURMAS field" Url="html/d5bf05b9-744a-14a9-145a-a501bac5a902.htm" />
  <HelpKINode Title="Curso.nomeCurso field" Url="html/6b29c765-e6a5-8396-11d2-a5b938993411.htm" />
  <HelpKINode Title="Curso.NomeCurso property" Url="html/8a71757e-1313-2c7b-1e7c-49848bab9b64.htm" />
  <HelpKINode Title="Curso.VerificaSeTurmaExiste method" Url="html/d743e7bc-2f4c-d3bf-cee2-2ac9e2a72ffc.htm" />
  <HelpKINode Title="data field" Url="html/f356169f-d7ac-27da-9d0c-7c79857a7cfe.htm" />
  <HelpKINode Title="Data property" Url="html/d8e07197-8e3a-c2ec-fd0c-cd8bc99b6c0f.htm" />
  <HelpKINode Title="DataLayer_DL namespace" Url="html/ed9e83c2-da47-4e42-a6ee-299671010a5c.htm" />
  <HelpKINode Title="DataLayer_DL.Aulas class" Url="html/86fa915a-a047-1ee6-7e77-7b3d0aa2334e.htm" />
  <HelpKINode Title="DataLayer_DL.Comparador class" Url="html/4a3ef9f0-ef8e-21fc-1686-a1e60096c9d6.htm" />
  <HelpKINode Title="DataLayer_DL.Curso class" Url="html/6bf31180-f5f9-3383-f9d9-d6c2bf8b28d1.htm" />
  <HelpKINode Title="DataLayer_DL.DireccaoOrdenacao enumeration" Url="html/9b80a704-e520-f642-658c-d06b5889f622.htm" />
  <HelpKINode Title="DataLayer_DL.Pessoas class" Url="html/1991d8b8-45e5-0a84-008b-95fea3039e6d.htm" />
  <HelpKINode Title="DataLayer_DL.RegimeEstudos enumeration" Url="html/f18b5cfe-1b66-bbe9-88c1-39f16f98b1cd.htm" />
  <HelpKINode Title="DataLayer_DL.TabelaDeHash class" Url="html/c6b5f0c8-83e4-c9a8-d0cc-28b20ef9fb1f.htm" />
  <HelpKINode Title="DataLayer_DL.Turma class" Url="html/61a8b7dc-ec1b-2e56-586e-8e7c7002847c.htm" />
  <HelpKINode Title="Descendente enumeration member" Url="html/9b80a704-e520-f642-658c-d06b5889f622.htm" />
  <HelpKINode Title="DevolveAluno method" Url="html/ccc1c34c-fe56-9ae9-8ad0-41812d026082.htm" />
  <HelpKINode Title="DevolveAlunosTurma method" Url="html/28532b58-c479-291d-3556-3db292e4556d.htm" />
  <HelpKINode Title="DevolveAulasCurso method" Url="html/cf7722e1-3e39-2a40-af6f-5ba5f2991340.htm" />
  <HelpKINode Title="DevolveAulasCursoOrdenados method" Url="html/6211e25c-64c5-18e8-050a-cc1227e6cd91.htm" />
  <HelpKINode Title="DevolveConjuntoAlunos method" Url="html/ab4e5701-e9eb-3db5-5d30-86023a076f2b.htm" />
  <HelpKINode Title="DevolveConjuntoAulas method" Url="html/f8225d51-f8dc-b4d4-d593-58b6c206e56a.htm" />
  <HelpKINode Title="DevolveDocente method" Url="html/744748b1-c583-9d63-c99f-2b9a10065a09.htm" />
  <HelpKINode Title="DevolveListaIdentificador method" Url="html/df437e61-44ed-e4d1-15d5-07947b710c15.htm" />
  <HelpKINode Title="direccao field" Url="html/a957c8d4-bedb-3dac-025f-9ae793a9ab09.htm" />
  <HelpKINode Title="DireccaoOrdenacao enumeration" Url="html/9b80a704-e520-f642-658c-d06b5889f622.htm" />
  <HelpKINode Title="Docente class">
    <HelpKINode Title="Docente Class" Url="html/6d3748ad-c05b-bc42-0f6c-1c79a8937cf3.htm" />
    <HelpKINode Title="about Docente class" Url="html/6d3748ad-c05b-bc42-0f6c-1c79a8937cf3.htm" />
    <HelpKINode Title="constructor" Url="html/68706348-da47-cb33-d5bd-4659664b6d1d.htm" />
    <HelpKINode Title="fields" Url="html/9f2ca736-bd54-3231-bc0c-02b03275d6bb.htm" />
    <HelpKINode Title="methods" Url="html/99535108-991e-8870-0a70-0c9fd6dbae18.htm" />
    <HelpKINode Title="properties" Url="html/1bce4282-5616-f27a-646c-5d139a195c0c.htm" />
  </HelpKINode>
  <HelpKINode Title="Docente.Docente constructor" Url="html/68706348-da47-cb33-d5bd-4659664b6d1d.htm" />
  <HelpKINode Title="Docente.grauAcademico field" Url="html/68814b6d-bc9d-9a6d-d3e0-c541a280b584.htm" />
  <HelpKINode Title="Docente.GrauAcademico property" Url="html/2277fb11-bf3e-e646-47e9-4427a0ca6f84.htm" />
  <HelpKINode Title="Doutor enumeration member" Url="html/008fd3c4-b712-e16a-ae34-b941d9b87cfd.htm" />
  <HelpKINode Title="Equality operator">
    <HelpKINode Title="Aula.Equality Operator " Url="html/2026d851-2af2-42f3-1b43-14b26d6e1ae1.htm" />
    <HelpKINode Title="Pessoa.Equality Operator " Url="html/c66b555d-f827-11e3-96c8-0e1d955a3507.htm" />
  </HelpKINode>
  <HelpKINode Title="Equals method">
    <HelpKINode Title="Aula.Equals Method " Url="html/b3101992-7f7e-ba04-9e54-c8bdea564bee.htm" />
    <HelpKINode Title="Pessoa.Equals Method " Url="html/7121678c-410a-c119-3b50-a688e94df734.htm" />
  </HelpKINode>
  <HelpKINode Title="Estatistica enumeration member" Url="html/b511a3c4-e1bf-4952-27eb-275affb9c05a.htm" />
  <HelpKINode Title="ExisteAluno method">
    <HelpKINode Title="Pessoas.ExisteAluno Method " Url="html/e062f10e-48c0-47c8-8f58-5e0654d812ef.htm" />
    <HelpKINode Title="Turma.ExisteAluno Method " Url="html/1040cce7-4125-8afb-84cf-a77a83f2b95b.htm" />
  </HelpKINode>
  <HelpKINode Title="ExisteDocente method" Url="html/dfe821d8-7dae-38d9-73dd-88b886d6d5b0.htm" />
  <HelpKINode Title="FF enumeration member" Url="html/b511a3c4-e1bf-4952-27eb-275affb9c05a.htm" />
  <HelpKINode Title="FuncaoHash method" Url="html/eb086dc5-65c2-c5d0-716c-50e0f540705e.htm" />
  <HelpKINode Title="GrauAcademico enumeration" Url="html/008fd3c4-b712-e16a-ae34-b941d9b87cfd.htm" />
  <HelpKINode Title="grauAcademico field" Url="html/68814b6d-bc9d-9a6d-d3e0-c541a280b584.htm" />
  <HelpKINode Title="GrauAcademico property" Url="html/2277fb11-bf3e-e646-47e9-4427a0ca6f84.htm" />
  <HelpKINode Title="GuardaAulas method" Url="html/ed85d0b7-a463-b457-1f3e-df3c3b0b2d9f.htm" />
  <HelpKINode Title="GuardaCurso method" Url="html/739ad2ee-d13a-6349-d557-d1852320632a.htm" />
  <HelpKINode Title="GuardaInformacao method" Url="html/bbd7cf86-ea9d-c799-f6ce-5d1f875b941c.htm" />
  <HelpKINode Title="GuardaPessoas method" Url="html/a36235e7-e506-3275-2e2b-238d0ea8906f.htm" />
  <HelpKINode Title="identificacaoTurma field">
    <HelpKINode Title="Aula.identificacaoTurma Field" Url="html/38217f5d-50fe-29be-0814-9a19f02777bd.htm" />
    <HelpKINode Title="Turma.identificacaoTurma Field" Url="html/93366864-6937-759f-f6ae-a066bc97b4d0.htm" />
  </HelpKINode>
  <HelpKINode Title="IdentificacaoTurma property">
    <HelpKINode Title="Aula.IdentificacaoTurma Property " Url="html/fa0216c3-39df-7132-b631-983d3de5f1b8.htm" />
    <HelpKINode Title="Turma.IdentificacaoTurma Property " Url="html/7bc0494a-6ac0-c1be-29dc-85c1f8069e7d.htm" />
  </HelpKINode>
  <HelpKINode Title="Inequality operator">
    <HelpKINode Title="Aula.Inequality Operator " Url="html/836bd000-529e-72cb-b974-e286aae2febe.htm" />
    <HelpKINode Title="Pessoa.Inequality Operator " Url="html/c1f32ecc-f8e2-1a0e-dcfb-64f86c6044a2.htm" />
  </HelpKINode>
  <HelpKINode Title="InsereAluno method">
    <HelpKINode Title="Curso.InsereAluno Method " Url="html/acc91a79-99ae-9397-ff76-d13c99fdbdef.htm" />
    <HelpKINode Title="Pessoas.InsereAluno Method " Url="html/ce6f1006-7638-74a9-f605-8ed0f22379a7.htm" />
    <HelpKINode Title="Turma.InsereAluno Method " Url="html/47bbd408-f57b-ffcd-92c0-10d24c169e00.htm" />
    <HelpKINode Title="ValidaDadosInput.InsereAluno Method " Url="html/2852f240-fa25-a787-f3e1-08bc7d6b20fe.htm" />
  </HelpKINode>
  <HelpKINode Title="InsereAula method">
    <HelpKINode Title="Aulas.InsereAula Method " Url="html/dbebe4ff-0105-0bc0-7650-7b80207f643c.htm" />
    <HelpKINode Title="TabelaDeHash.InsereAula Method " Url="html/37ce8994-6c39-bc23-d0f1-8234d29baac9.htm" />
    <HelpKINode Title="ValidaDadosInput.InsereAula Method " Url="html/243797d4-e116-248e-4bba-0e4681624ba8.htm" />
  </HelpKINode>
  <HelpKINode Title="InsereConjuntoAlunos method" Url="html/7c44883a-f60d-2fec-1459-ed844136d733.htm" />
  <HelpKINode Title="InsereDocente method">
    <HelpKINode Title="Pessoas.InsereDocente Method " Url="html/7b56ae52-e2a3-bbda-7a4f-dfdcba120eda.htm" />
    <HelpKINode Title="ValidaDadosInput.InsereDocente Method " Url="html/b2c538a5-24ed-789c-7357-0c2acd0121d7.htm" />
  </HelpKINode>
  <HelpKINode Title="InsereTurma method" Url="html/0dd609d1-566b-595c-90cc-9ef681e32bb9.htm" />
  <HelpKINode Title="laboral enumeration member" Url="html/f18b5cfe-1b66-bbe9-88c1-39f16f98b1cd.htm" />
  <HelpKINode Title="Licenciado enumeration member" Url="html/008fd3c4-b712-e16a-ae34-b941d9b87cfd.htm" />
  <HelpKINode Title="LP enumeration member" Url="html/b511a3c4-e1bf-4952-27eb-275affb9c05a.htm" />
  <HelpKINode Title="Main method" Url="html/e2fb8451-fd55-bbcc-025f-fb8e6c2fd481.htm" />
  <HelpKINode Title="MAXALUNOS field" Url="html/ed23db37-2ced-3b07-c531-ce314dd2636f.htm" />
  <HelpKINode Title="MAXDOCENTES field" Url="html/99b6f0b2-b2ec-30d7-928c-b15bd4984c40.htm" />
  <HelpKINode Title="MAXHASHTABLE field" Url="html/93b91376-f9f2-bd14-9bac-dbd6da73aaeb.htm" />
  <HelpKINode Title="MAXIMOAULAS field" Url="html/bcd44106-4089-1251-8b1d-11dbf0041621.htm" />
  <HelpKINode Title="MAXIMOTURMAS field" Url="html/d5bf05b9-744a-14a9-145a-a501bac5a902.htm" />
  <HelpKINode Title="Menu method" Url="html/2054a67d-5fdd-6f7a-8adf-a995e61cf4af.htm" />
  <HelpKINode Title="Mestre enumeration member" Url="html/008fd3c4-b712-e16a-ae34-b941d9b87cfd.htm" />
  <HelpKINode Title="MN enumeration member" Url="html/b511a3c4-e1bf-4952-27eb-275affb9c05a.htm" />
  <HelpKINode Title="naoDefinido enumeration member" Url="html/b511a3c4-e1bf-4952-27eb-275affb9c05a.htm" />
  <HelpKINode Title="nomeCurso field" Url="html/6b29c765-e6a5-8396-11d2-a5b938993411.htm" />
  <HelpKINode Title="NomeCurso property" Url="html/8a71757e-1313-2c7b-1e7c-49848bab9b64.htm" />
  <HelpKINode Title="nomePessoa field" Url="html/9c09ec95-3e4d-424d-4e05-ef51f74afd60.htm" />
  <HelpKINode Title="NomePessoa property" Url="html/37ab41c0-5c0d-40d5-569e-3f9b14553bae.htm" />
  <HelpKINode Title="numeroDocente field" Url="html/9fe9afe4-d8b3-f8df-b942-328392f69887.htm" />
  <HelpKINode Title="NumeroDocente property" Url="html/7363837c-bec2-81ec-8b94-d31e0793848a.htm" />
  <HelpKINode Title="numeroIdentificacao field" Url="html/567900b0-f0e1-6bed-ad7a-888553d4c021.htm" />
  <HelpKINode Title="NumeroIdentificacao property" Url="html/dc081fd5-c793-f92b-c331-67198c6d4ab0.htm" />
  <HelpKINode Title="PesquisaAluno method" Url="html/1d116bd9-4b1f-fdf7-20b2-00eb1cd1f693.htm" />
  <HelpKINode Title="PesquisaDocente method" Url="html/5f2c76d7-c984-dc7c-9afb-506d7fdf515c.htm" />
  <HelpKINode Title="Pessoa class">
    <HelpKINode Title="Pessoa Class" Url="html/ae18905e-95e1-42f1-21c3-5d7a8d4c307c.htm" />
    <HelpKINode Title="about Pessoa class" Url="html/ae18905e-95e1-42f1-21c3-5d7a8d4c307c.htm" />
    <HelpKINode Title="constructor" Url="html/1155b5fc-688c-67b6-25c4-caf809fb67d2.htm" />
    <HelpKINode Title="fields" Url="html/df85beae-e7c4-7221-719b-8bee85c2e8f6.htm" />
    <HelpKINode Title="methods" Url="html/8df0d67d-9c71-4971-50a6-9f708c2fdaae.htm" />
    <HelpKINode Title="operators" Url="html/04e033eb-c8cc-182e-67e5-2a6dbbe63f77.htm" />
    <HelpKINode Title="properties" Url="html/77c22fc1-e91f-dd4f-6ef2-151395f07169.htm" />
  </HelpKINode>
  <HelpKINode Title="Pessoa.Equality operator" Url="html/c66b555d-f827-11e3-96c8-0e1d955a3507.htm" />
  <HelpKINode Title="Pessoa.Equals method" Url="html/7121678c-410a-c119-3b50-a688e94df734.htm" />
  <HelpKINode Title="Pessoa.Inequality operator" Url="html/c1f32ecc-f8e2-1a0e-dcfb-64f86c6044a2.htm" />
  <HelpKINode Title="Pessoa.nomePessoa field" Url="html/9c09ec95-3e4d-424d-4e05-ef51f74afd60.htm" />
  <HelpKINode Title="Pessoa.NomePessoa property" Url="html/37ab41c0-5c0d-40d5-569e-3f9b14553bae.htm" />
  <HelpKINode Title="Pessoa.numeroIdentificacao field" Url="html/567900b0-f0e1-6bed-ad7a-888553d4c021.htm" />
  <HelpKINode Title="Pessoa.NumeroIdentificacao property" Url="html/dc081fd5-c793-f92b-c331-67198c6d4ab0.htm" />
  <HelpKINode Title="Pessoa.Pessoa constructor" Url="html/1155b5fc-688c-67b6-25c4-caf809fb67d2.htm" />
  <HelpKINode Title="Pessoas class">
    <HelpKINode Title="Pessoas Class" Url="html/1991d8b8-45e5-0a84-008b-95fea3039e6d.htm" />
    <HelpKINode Title="about Pessoas class" Url="html/1991d8b8-45e5-0a84-008b-95fea3039e6d.htm" />
    <HelpKINode Title="constructor" Url="html/a0f0d259-8fd4-a53f-48e9-83ad5463002b.htm" />
    <HelpKINode Title="fields" Url="html/e32b5ce4-2f88-c865-057f-fe29677bc6a0.htm" />
    <HelpKINode Title="methods" Url="html/c5cee9b5-c94a-78ee-0c94-a14c64550be1.htm" />
  </HelpKINode>
  <HelpKINode Title="Pessoas.CarregaPessoas method" Url="html/d66ceaef-057e-0b01-bbd0-44bc290cfe3f.htm" />
  <HelpKINode Title="Pessoas.conjuntoAlunos field" Url="html/107e4cab-ffa8-b89a-a921-dd760016c8a9.htm" />
  <HelpKINode Title="Pessoas.conjuntoDocentes field" Url="html/6835b04f-a703-f4ae-0376-bcfd440c2559.htm" />
  <HelpKINode Title="Pessoas.contadorAlunos field" Url="html/5058bbdb-51cd-e99d-db6b-324d000b3026.htm" />
  <HelpKINode Title="Pessoas.contadorDocentes field" Url="html/4bbe9f79-e0d4-e507-55dd-352a0c5f20f2.htm" />
  <HelpKINode Title="Pessoas.DevolveAluno method" Url="html/ccc1c34c-fe56-9ae9-8ad0-41812d026082.htm" />
  <HelpKINode Title="Pessoas.DevolveDocente method" Url="html/744748b1-c583-9d63-c99f-2b9a10065a09.htm" />
  <HelpKINode Title="Pessoas.ExisteAluno method" Url="html/e062f10e-48c0-47c8-8f58-5e0654d812ef.htm" />
  <HelpKINode Title="Pessoas.ExisteDocente method" Url="html/dfe821d8-7dae-38d9-73dd-88b886d6d5b0.htm" />
  <HelpKINode Title="Pessoas.GuardaPessoas method" Url="html/a36235e7-e506-3275-2e2b-238d0ea8906f.htm" />
  <HelpKINode Title="Pessoas.InsereAluno method" Url="html/ce6f1006-7638-74a9-f605-8ed0f22379a7.htm" />
  <HelpKINode Title="Pessoas.InsereDocente method" Url="html/7b56ae52-e2a3-bbda-7a4f-dfdcba120eda.htm" />
  <HelpKINode Title="Pessoas.MAXALUNOS field" Url="html/ed23db37-2ced-3b07-c531-ce314dd2636f.htm" />
  <HelpKINode Title="Pessoas.MAXDOCENTES field" Url="html/99b6f0b2-b2ec-30d7-928c-b15bd4984c40.htm" />
  <HelpKINode Title="Pessoas.Pessoas constructor" Url="html/a0f0d259-8fd4-a53f-48e9-83ad5463002b.htm" />
  <HelpKINode Title="PosLaboral enumeration member" Url="html/f18b5cfe-1b66-bbe9-88c1-39f16f98b1cd.htm" />
  <HelpKINode Title="PresentationLayer_PL namespace" Url="html/d6ad0166-0daa-15a1-ee11-087ef663ec96.htm" />
  <HelpKINode Title="PresentationLayer_PL.Program class" Url="html/645be301-1100-9758-ef9b-8d9a69fb7d24.htm" />
  <HelpKINode Title="Program class">
    <HelpKINode Title="Program Class" Url="html/645be301-1100-9758-ef9b-8d9a69fb7d24.htm" />
    <HelpKINode Title="about Program class" Url="html/645be301-1100-9758-ef9b-8d9a69fb7d24.htm" />
    <HelpKINode Title="constructor" Url="html/88638dad-9b5c-e59d-6e93-1652db0fe6fd.htm" />
    <HelpKINode Title="methods" Url="html/2b20f7ad-d05f-7360-3692-f331b5a1e9c4.htm" />
  </HelpKINode>
  <HelpKINode Title="Program.Main method" Url="html/e2fb8451-fd55-bbcc-025f-fb8e6c2fd481.htm" />
  <HelpKINode Title="Program.Menu method" Url="html/2054a67d-5fdd-6f7a-8adf-a995e61cf4af.htm" />
  <HelpKINode Title="Program.Program constructor" Url="html/88638dad-9b5c-e59d-6e93-1652db0fe6fd.htm" />
  <HelpKINode Title="Program.RecebeAluno method" Url="html/4af2331e-c9e3-6476-36fe-d1e2f2a8de90.htm" />
  <HelpKINode Title="Program.RecebeAula method" Url="html/04d67da2-b922-6cf1-6234-44a8b493af2e.htm" />
  <HelpKINode Title="Program.RecebeDocente method" Url="html/8b83657d-4986-ef09-b8ed-a2c3c17762f5.htm" />
  <HelpKINode Title="propinasRegularizadas field" Url="html/f4489837-fce4-61d4-7b76-34f60e970e71.htm" />
  <HelpKINode Title="PropinasRegularizadas property" Url="html/f043172c-5f4f-0b25-237b-6778aafa06d3.htm" />
  <HelpKINode Title="RecebeAluno method" Url="html/4af2331e-c9e3-6476-36fe-d1e2f2a8de90.htm" />
  <HelpKINode Title="RecebeAula method" Url="html/04d67da2-b922-6cf1-6234-44a8b493af2e.htm" />
  <HelpKINode Title="RecebeDocente method" Url="html/8b83657d-4986-ef09-b8ed-a2c3c17762f5.htm" />
  <HelpKINode Title="RegimeEstudos enumeration" Url="html/f18b5cfe-1b66-bbe9-88c1-39f16f98b1cd.htm" />
  <HelpKINode Title="sala field" Url="html/c8462469-8890-9387-6977-83e88461864b.htm" />
  <HelpKINode Title="Sala property" Url="html/4e0c9024-1763-77d4-afda-a246d449fb98.htm" />
  <HelpKINode Title="TabelaDeHash class">
    <HelpKINode Title="TabelaDeHash Class" Url="html/c6b5f0c8-83e4-c9a8-d0cc-28b20ef9fb1f.htm" />
    <HelpKINode Title="about TabelaDeHash class" Url="html/c6b5f0c8-83e4-c9a8-d0cc-28b20ef9fb1f.htm" />
    <HelpKINode Title="constructor" Url="html/7d8ba9c4-8c2b-be9a-29c7-d282de5e7c75.htm" />
    <HelpKINode Title="fields" Url="html/015dacb8-6ff4-1f0f-7432-f24654753f5c.htm" />
    <HelpKINode Title="methods" Url="html/8de4307a-4d28-c32a-3f2d-e40f7270446f.htm" />
  </HelpKINode>
  <HelpKINode Title="TabelaDeHash.DevolveListaIdentificador method" Url="html/df437e61-44ed-e4d1-15d5-07947b710c15.htm" />
  <HelpKINode Title="TabelaDeHash.FuncaoHash method" Url="html/eb086dc5-65c2-c5d0-716c-50e0f540705e.htm" />
  <HelpKINode Title="TabelaDeHash.InsereAula method" Url="html/37ce8994-6c39-bc23-d0f1-8234d29baac9.htm" />
  <HelpKINode Title="TabelaDeHash.TabelaDeHash constructor" Url="html/7d8ba9c4-8c2b-be9a-29c7-d282de5e7c75.htm" />
  <HelpKINode Title="TabelaDeHash.tabelaHash field" Url="html/fca7258c-5214-2040-0fe8-fb2ab1520b68.htm" />
  <HelpKINode Title="tabelaHash field" Url="html/fca7258c-5214-2040-0fe8-fb2ab1520b68.htm" />
  <HelpKINode Title="TAMANHOMAXIMOALUNOS field" Url="html/288eb8d3-d4f1-a1cf-5560-0550bf8c9c0f.htm" />
  <HelpKINode Title="Turma class">
    <HelpKINode Title="Turma Class" Url="html/61a8b7dc-ec1b-2e56-586e-8e7c7002847c.htm" />
    <HelpKINode Title="about Turma class" Url="html/61a8b7dc-ec1b-2e56-586e-8e7c7002847c.htm" />
    <HelpKINode Title="constructor" Url="html/b180800b-3e23-5377-0580-430fefbfc2e8.htm" />
    <HelpKINode Title="fields" Url="html/d3e7199c-1429-d4c4-9e50-ecec5c5de39e.htm" />
    <HelpKINode Title="methods" Url="html/c8a56ab2-cc96-0256-ce13-bbb374220357.htm" />
    <HelpKINode Title="properties" Url="html/0204fe76-bfe5-b607-18a6-1f5d74f519bb.htm" />
  </HelpKINode>
  <HelpKINode Title="Turma.conjuntoAlunosIdentificacao field" Url="html/ed0b51e8-1a4c-bedf-a62d-d31c0004d579.htm" />
  <HelpKINode Title="Turma.ConjuntoAlunosIdentificacao property" Url="html/34e854c9-a81f-5c81-a315-562d679647dd.htm" />
  <HelpKINode Title="Turma.contadorAlunos field" Url="html/00f1dd74-c7ff-7d29-5285-2b435163f3cd.htm" />
  <HelpKINode Title="Turma.ContadorAlunos property" Url="html/03b31e6f-51ce-7b8e-af77-8917e0d51437.htm" />
  <HelpKINode Title="Turma.ExisteAluno method" Url="html/1040cce7-4125-8afb-84cf-a77a83f2b95b.htm" />
  <HelpKINode Title="Turma.identificacaoTurma field" Url="html/93366864-6937-759f-f6ae-a066bc97b4d0.htm" />
  <HelpKINode Title="Turma.IdentificacaoTurma property" Url="html/7bc0494a-6ac0-c1be-29dc-85c1f8069e7d.htm" />
  <HelpKINode Title="Turma.InsereAluno method" Url="html/47bbd408-f57b-ffcd-92c0-10d24c169e00.htm" />
  <HelpKINode Title="Turma.InsereConjuntoAlunos method" Url="html/7c44883a-f60d-2fec-1459-ed844136d733.htm" />
  <HelpKINode Title="Turma.TAMANHOMAXIMOALUNOS field" Url="html/288eb8d3-d4f1-a1cf-5560-0550bf8c9c0f.htm" />
  <HelpKINode Title="Turma.Turma constructor" Url="html/b180800b-3e23-5377-0580-430fefbfc2e8.htm" />
  <HelpKINode Title="UnidadeCurricular enumeration" Url="html/b511a3c4-e1bf-4952-27eb-275affb9c05a.htm" />
  <HelpKINode Title="unidadeCurricular field" Url="html/5a469e37-fa14-e3e0-f9b4-aede26ce7389.htm" />
  <HelpKINode Title="UnidadeCurricular property" Url="html/f1582bbd-0092-162a-2ddd-0d5b886dbaeb.htm" />
  <HelpKINode Title="ValidaDadosInput class">
    <HelpKINode Title="ValidaDadosInput Class" Url="html/cc3adb2b-c877-7bdf-4e87-a751e14bb53a.htm" />
    <HelpKINode Title="about ValidaDadosInput class" Url="html/cc3adb2b-c877-7bdf-4e87-a751e14bb53a.htm" />
    <HelpKINode Title="methods" Url="html/975727a9-5fa7-24ee-c3d6-1596a3728bfa.htm" />
  </HelpKINode>
  <HelpKINode Title="ValidaDadosInput.CarregaInformacao method" Url="html/96630abc-987b-09dd-c9d3-ba4ccff7c8e2.htm" />
  <HelpKINode Title="ValidaDadosInput.CriaTurma method" Url="html/5730a97c-fe1a-bdde-6a14-1dfed9d12650.htm" />
  <HelpKINode Title="ValidaDadosInput.InsereAluno method" Url="html/2852f240-fa25-a787-f3e1-08bc7d6b20fe.htm" />
  <HelpKINode Title="ValidaDadosInput.InsereAula method" Url="html/243797d4-e116-248e-4bba-0e4681624ba8.htm" />
  <HelpKINode Title="ValidaDadosInput.InsereDocente method" Url="html/b2c538a5-24ed-789c-7357-0c2acd0121d7.htm" />
  <HelpKINode Title="ValidaDadosOutput class">
    <HelpKINode Title="ValidaDadosOutput Class" Url="html/62e348b7-2c79-45c1-2f9c-66c1d2570f43.htm" />
    <HelpKINode Title="about ValidaDadosOutput class" Url="html/62e348b7-2c79-45c1-2f9c-66c1d2570f43.htm" />
    <HelpKINode Title="methods" Url="html/1a45de09-5bcd-eead-83b1-a3a3e6be2445.htm" />
  </HelpKINode>
  <HelpKINode Title="ValidaDadosOutput.DevolveConjuntoAlunos method" Url="html/ab4e5701-e9eb-3db5-5d30-86023a076f2b.htm" />
  <HelpKINode Title="ValidaDadosOutput.DevolveConjuntoAulas method" Url="html/f8225d51-f8dc-b4d4-d593-58b6c206e56a.htm" />
  <HelpKINode Title="ValidaDadosOutput.GuardaInformacao method" Url="html/bbd7cf86-ea9d-c799-f6ce-5d1f875b941c.htm" />
  <HelpKINode Title="ValidaDadosOutput.PesquisaAluno method" Url="html/1d116bd9-4b1f-fdf7-20b2-00eb1cd1f693.htm" />
  <HelpKINode Title="ValidaDadosOutput.PesquisaDocente method" Url="html/5f2c76d7-c984-dc7c-9afb-506d7fdf515c.htm" />
  <HelpKINode Title="ValidaDadosOutput.VerificaSeAlunoExiste method" Url="html/ce0a6dc2-7c32-ddb4-9622-13f46ff3c116.htm" />
  <HelpKINode Title="ValidaDadosOutput.VerificaSeDocenteExiste method" Url="html/e10de3a0-ee49-d8ad-61b3-f529b32ed8ef.htm" />
  <HelpKINode Title="ValidaDadosOutput.VerificaSeTurmaExiste method" Url="html/a37e7c44-bcb6-832c-e4b4-3a292142aca5.htm" />
  <HelpKINode Title="VerificaSeAlunoExiste method" Url="html/ce0a6dc2-7c32-ddb4-9622-13f46ff3c116.htm" />
  <HelpKINode Title="VerificaSeDocenteExiste method" Url="html/e10de3a0-ee49-d8ad-61b3-f529b32ed8ef.htm" />
  <HelpKINode Title="VerificaSeTurmaExiste method">
    <HelpKINode Title="Curso.VerificaSeTurmaExiste Method " Url="html/d743e7bc-2f4c-d3bf-cee2-2ac9e2a72ffc.htm" />
    <HelpKINode Title="ValidaDadosOutput.VerificaSeTurmaExiste Method " Url="html/a37e7c44-bcb6-832c-e4b4-3a292142aca5.htm" />
  </HelpKINode>
</HelpKI>
