﻿<?xml version="1.0" encoding="utf-8"?>
<HelpTOC>

  <HelpTOCNode Id="a397dd3c-f3bf-4bb7-97a8-ba19c5c0f308" Title="BusinessLayer_BL" Url="html/93f6de75-d0a0-de96-be00-f27a25337354.htm">
    <HelpTOCNode Id="03698d54-aac1-41b5-b4b9-844643774b11" Title="ValidaDadosInput Class" Url="html/cc3adb2b-c877-7bdf-4e87-a751e14bb53a.htm">
      <HelpTOCNode Id="8b7c1d8a-a92f-46ce-8dc4-85dc2c3f3840" Title="ValidaDadosInput Methods" Url="html/975727a9-5fa7-24ee-c3d6-1596a3728bfa.htm">
        <HelpTOCNode Title="CarregaInformacao Method " Url="html/96630abc-987b-09dd-c9d3-ba4ccff7c8e2.htm" />
        <HelpTOCNode Title="CriaTurma Method " Url="html/5730a97c-fe1a-bdde-6a14-1dfed9d12650.htm" />
        <HelpTOCNode Title="InsereAluno Method " Url="html/2852f240-fa25-a787-f3e1-08bc7d6b20fe.htm" />
        <HelpTOCNode Title="InsereAula Method " Url="html/243797d4-e116-248e-4bba-0e4681624ba8.htm" />
        <HelpTOCNode Title="InsereDocente Method " Url="html/b2c538a5-24ed-789c-7357-0c2acd0121d7.htm" />
      </HelpTOCNode>
    </HelpTOCNode>
    <HelpTOCNode Id="709fd5f0-45d4-453e-a2c1-ad5cc1df3d49" Title="ValidaDadosOutput Class" Url="html/62e348b7-2c79-45c1-2f9c-66c1d2570f43.htm">
      <HelpTOCNode Id="f162306c-5ded-489e-9bfa-0a1ee0ad9144" Title="ValidaDadosOutput Methods" Url="html/1a45de09-5bcd-eead-83b1-a3a3e6be2445.htm">
        <HelpTOCNode Title="DevolveConjuntoAlunos Method " Url="html/ab4e5701-e9eb-3db5-5d30-86023a076f2b.htm" />
        <HelpTOCNode Title="DevolveConjuntoAulas Method " Url="html/f8225d51-f8dc-b4d4-d593-58b6c206e56a.htm" />
        <HelpTOCNode Title="GuardaInformacao Method " Url="html/bbd7cf86-ea9d-c799-f6ce-5d1f875b941c.htm" />
        <HelpTOCNode Title="PesquisaAluno Method " Url="html/1d116bd9-4b1f-fdf7-20b2-00eb1cd1f693.htm" />
        <HelpTOCNode Title="PesquisaDocente Method " Url="html/5f2c76d7-c984-dc7c-9afb-506d7fdf515c.htm" />
        <HelpTOCNode Title="VerificaSeAlunoExiste Method " Url="html/ce0a6dc2-7c32-ddb4-9622-13f46ff3c116.htm" />
        <HelpTOCNode Title="VerificaSeDocenteExiste Method " Url="html/e10de3a0-ee49-d8ad-61b3-f529b32ed8ef.htm" />
        <HelpTOCNode Title="VerificaSeTurmaExiste Method " Url="html/a37e7c44-bcb6-832c-e4b4-3a292142aca5.htm" />
      </HelpTOCNode>
    </HelpTOCNode>
  </HelpTOCNode>
  <HelpTOCNode Id="6ce72780-254a-42b3-a116-500b732315c7" Title="BusinessObject_BO" Url="html/5e0b2247-9640-233f-1e74-2d9a0f234f08.htm">
    <HelpTOCNode Id="0dbd5531-a309-4036-af8e-3f8b91f692fe" Title="Aluno Class" Url="html/bdfbcbc8-4586-33e2-b137-c66fe93032e6.htm">
      <HelpTOCNode Id="9ab51af4-8251-4f3b-ad4e-1439b5196569" Title="Aluno Constructor " Url="html/4e673cb7-a5fd-6261-a67c-dad0a749cc22.htm">
        <HelpTOCNode Title="Aluno Constructor " Url="html/9ce04f31-118c-b4e0-a328-7cb2b18ea10d.htm" />
        <HelpTOCNode Title="Aluno Constructor (String, Int32, Boolean)" Url="html/c8cf2ccb-7ae6-0a13-6a07-db52545bc4c0.htm" />
      </HelpTOCNode>
      <HelpTOCNode Id="aa90e530-8a1f-4d04-8aad-62edac3dab65" Title="Aluno Properties" Url="html/ccffb7fa-8cd8-c0dd-c9e8-7172d2141a0d.htm">
        <HelpTOCNode Title="PropinasRegularizadas Property " Url="html/f043172c-5f4f-0b25-237b-6778aafa06d3.htm" />
      </HelpTOCNode>
      <HelpTOCNode Title="Aluno Methods" Url="html/6cd31bd4-c96d-f0b0-16b5-9661dd5c4541.htm" />
      <HelpTOCNode Id="5c15c894-0208-46c9-b96e-14e604ceb532" Title="Aluno Fields" Url="html/ca2f089f-8ade-cced-6f8e-0b6907b081e5.htm">
        <HelpTOCNode Title="propinasRegularizadas Field" Url="html/f4489837-fce4-61d4-7b76-34f60e970e71.htm" />
      </HelpTOCNode>
    </HelpTOCNode>
    <HelpTOCNode Id="f51374a7-5329-4517-9d24-0ae3b2325c1e" Title="Aula Class" Url="html/0ee5bd93-797f-ffa6-440e-a45e883de141.htm">
      <HelpTOCNode Id="cd55c702-c068-4745-8124-cdc4ffa87b6b" Title="Aula Constructor " Url="html/082f6609-573e-ccb8-c061-6e888d5e2eac.htm">
        <HelpTOCNode Title="Aula Constructor " Url="html/eaa29401-c59e-2906-4ad7-6b00895537ad.htm" />
        <HelpTOCNode Title="Aula Constructor (DateTime, Int32, Int32, String, UnidadeCurricular)" Url="html/4d5bd0c9-fc5c-bf87-73e5-dc56789b84d1.htm" />
      </HelpTOCNode>
      <HelpTOCNode Id="d21be3d8-482f-41df-88ac-8160c705dfe9" Title="Aula Properties" Url="html/c3c42ae7-cbfc-1b27-8ca2-822859f1fb0d.htm">
        <HelpTOCNode Title="Data Property " Url="html/d8e07197-8e3a-c2ec-fd0c-cd8bc99b6c0f.htm" />
        <HelpTOCNode Title="IdentificacaoTurma Property " Url="html/fa0216c3-39df-7132-b631-983d3de5f1b8.htm" />
        <HelpTOCNode Title="NumeroDocente Property " Url="html/7363837c-bec2-81ec-8b94-d31e0793848a.htm" />
        <HelpTOCNode Title="Sala Property " Url="html/4e0c9024-1763-77d4-afda-a246d449fb98.htm" />
        <HelpTOCNode Title="UnidadeCurricular Property " Url="html/f1582bbd-0092-162a-2ddd-0d5b886dbaeb.htm" />
      </HelpTOCNode>
      <HelpTOCNode Id="6a638642-697e-47d7-bf6c-05c9d5762d32" Title="Aula Methods" Url="html/b89656dc-26f5-9160-f87b-1229aa0ac4b8.htm">
        <HelpTOCNode Title="Equals Method " Url="html/b3101992-7f7e-ba04-9e54-c8bdea564bee.htm" />
      </HelpTOCNode>
      <HelpTOCNode Id="c38e5954-5bc4-43c9-beb1-7ccefda995ed" Title="Aula Operators" Url="html/f732d9d1-8aed-c6d0-3ce6-21e5f041aec9.htm">
        <HelpTOCNode Title="Equality Operator " Url="html/2026d851-2af2-42f3-1b43-14b26d6e1ae1.htm" />
        <HelpTOCNode Title="Inequality Operator " Url="html/836bd000-529e-72cb-b974-e286aae2febe.htm" />
      </HelpTOCNode>
      <HelpTOCNode Id="1cc77985-6eea-48ed-bbea-1c77a6075b74" Title="Aula Fields" Url="html/a0e5bd19-d5d2-36ad-0dcc-8fde13278803.htm">
        <HelpTOCNode Title="data Field" Url="html/f356169f-d7ac-27da-9d0c-7c79857a7cfe.htm" />
        <HelpTOCNode Title="identificacaoTurma Field" Url="html/38217f5d-50fe-29be-0814-9a19f02777bd.htm" />
        <HelpTOCNode Title="numeroDocente Field" Url="html/9fe9afe4-d8b3-f8df-b942-328392f69887.htm" />
        <HelpTOCNode Title="sala Field" Url="html/c8462469-8890-9387-6977-83e88461864b.htm" />
        <HelpTOCNode Title="unidadeCurricular Field" Url="html/5a469e37-fa14-e3e0-f9b4-aede26ce7389.htm" />
      </HelpTOCNode>
    </HelpTOCNode>
    <HelpTOCNode Id="13aac9dc-17ac-4fb0-bbd1-608d721a082d" Title="Docente Class" Url="html/6d3748ad-c05b-bc42-0f6c-1c79a8937cf3.htm">
      <HelpTOCNode Id="30baa8a9-3b33-4a0a-9960-ec16eaf3de49" Title="Docente Constructor " Url="html/68706348-da47-cb33-d5bd-4659664b6d1d.htm">
        <HelpTOCNode Title="Docente Constructor " Url="html/f63ebd54-6015-1079-c21c-a6d7864d6952.htm" />
        <HelpTOCNode Title="Docente Constructor (String, Int32, GrauAcademico)" Url="html/00c8abc4-103b-663a-89e2-bf33cbfcd1d9.htm" />
      </HelpTOCNode>
      <HelpTOCNode Id="deeabed6-ba7d-4cc0-a3d7-4d161b090fba" Title="Docente Properties" Url="html/1bce4282-5616-f27a-646c-5d139a195c0c.htm">
        <HelpTOCNode Title="GrauAcademico Property " Url="html/2277fb11-bf3e-e646-47e9-4427a0ca6f84.htm" />
      </HelpTOCNode>
      <HelpTOCNode Title="Docente Methods" Url="html/99535108-991e-8870-0a70-0c9fd6dbae18.htm" />
      <HelpTOCNode Id="dc7d9be3-0b65-4571-aa5b-bef8d7a9b146" Title="Docente Fields" Url="html/9f2ca736-bd54-3231-bc0c-02b03275d6bb.htm">
        <HelpTOCNode Title="grauAcademico Field" Url="html/68814b6d-bc9d-9a6d-d3e0-c541a280b584.htm" />
      </HelpTOCNode>
    </HelpTOCNode>
    <HelpTOCNode Title="GrauAcademico Enumeration" Url="html/008fd3c4-b712-e16a-ae34-b941d9b87cfd.htm" />
    <HelpTOCNode Id="571278b5-aad1-4623-8eac-59657507cec3" Title="Pessoa Class" Url="html/ae18905e-95e1-42f1-21c3-5d7a8d4c307c.htm">
      <HelpTOCNode Id="3e68e347-0680-4257-aeae-7ee665589e4d" Title="Pessoa Constructor " Url="html/1155b5fc-688c-67b6-25c4-caf809fb67d2.htm">
        <HelpTOCNode Title="Pessoa Constructor " Url="html/d96f95d4-8b93-5e0c-78ef-8d92a839a4e9.htm" />
        <HelpTOCNode Title="Pessoa Constructor (String, Int32)" Url="html/80761a29-2f4d-98c5-3f3f-5fc6aca311a4.htm" />
      </HelpTOCNode>
      <HelpTOCNode Id="0edaab18-5c91-44ad-9c78-97e9c62de717" Title="Pessoa Properties" Url="html/77c22fc1-e91f-dd4f-6ef2-151395f07169.htm">
        <HelpTOCNode Title="NomePessoa Property " Url="html/37ab41c0-5c0d-40d5-569e-3f9b14553bae.htm" />
        <HelpTOCNode Title="NumeroIdentificacao Property " Url="html/dc081fd5-c793-f92b-c331-67198c6d4ab0.htm" />
      </HelpTOCNode>
      <HelpTOCNode Id="0363110c-c2c9-49f5-8481-df471cced832" Title="Pessoa Methods" Url="html/8df0d67d-9c71-4971-50a6-9f708c2fdaae.htm">
        <HelpTOCNode Title="Equals Method " Url="html/7121678c-410a-c119-3b50-a688e94df734.htm" />
      </HelpTOCNode>
      <HelpTOCNode Id="8fa6368f-d3f8-4432-9c0f-de27fc514a59" Title="Pessoa Operators" Url="html/04e033eb-c8cc-182e-67e5-2a6dbbe63f77.htm">
        <HelpTOCNode Title="Equality Operator " Url="html/c66b555d-f827-11e3-96c8-0e1d955a3507.htm" />
        <HelpTOCNode Title="Inequality Operator " Url="html/c1f32ecc-f8e2-1a0e-dcfb-64f86c6044a2.htm" />
      </HelpTOCNode>
      <HelpTOCNode Id="77221c5a-8ea7-4b64-95a4-92fecc443fca" Title="Pessoa Fields" Url="html/df85beae-e7c4-7221-719b-8bee85c2e8f6.htm">
        <HelpTOCNode Title="nomePessoa Field" Url="html/9c09ec95-3e4d-424d-4e05-ef51f74afd60.htm" />
        <HelpTOCNode Title="numeroIdentificacao Field" Url="html/567900b0-f0e1-6bed-ad7a-888553d4c021.htm" />
      </HelpTOCNode>
    </HelpTOCNode>
    <HelpTOCNode Title="UnidadeCurricular Enumeration" Url="html/b511a3c4-e1bf-4952-27eb-275affb9c05a.htm" />
  </HelpTOCNode>
  <HelpTOCNode Id="baa12ff7-27be-4872-b6a1-30f938e83fcf" Title="DataLayer_DL" Url="html/ed9e83c2-da47-4e42-a6ee-299671010a5c.htm">
    <HelpTOCNode Id="4daddcee-5995-406e-bd74-099499c979f2" Title="Aulas Class" Url="html/86fa915a-a047-1ee6-7e77-7b3d0aa2334e.htm">
      <HelpTOCNode Title="Aulas Constructor " Url="html/71de8791-1db9-9519-91e4-1a2440306cec.htm" />
      <HelpTOCNode Id="0a95782f-246b-460e-bf1a-18a1df2688d6" Title="Aulas Methods" Url="html/5bb58356-5441-070e-948c-4488838fdc26.htm">
        <HelpTOCNode Title="CarregaAulas Method " Url="html/8c8ec8b5-2e67-5cb4-cb01-b0fa823f0736.htm" />
        <HelpTOCNode Title="DevolveAulasCurso Method " Url="html/cf7722e1-3e39-2a40-af6f-5ba5f2991340.htm" />
        <HelpTOCNode Title="DevolveAulasCursoOrdenados Method " Url="html/6211e25c-64c5-18e8-050a-cc1227e6cd91.htm" />
        <HelpTOCNode Title="GuardaAulas Method " Url="html/ed85d0b7-a463-b457-1f3e-df3c3b0b2d9f.htm" />
        <HelpTOCNode Title="InsereAula Method " Url="html/dbebe4ff-0105-0bc0-7650-7b80207f643c.htm" />
      </HelpTOCNode>
      <HelpTOCNode Id="2067737e-2559-4de6-adfe-7a6f9c4b7ee8" Title="Aulas Fields" Url="html/b8a025df-c13e-1749-74f8-793063c050a4.htm">
        <HelpTOCNode Title="conjuntoAulas Field" Url="html/8b70bc27-2824-c389-1e42-a5c0a7c46eab.htm" />
        <HelpTOCNode Title="MAXHASHTABLE Field" Url="html/93b91376-f9f2-bd14-9bac-dbd6da73aaeb.htm" />
      </HelpTOCNode>
    </HelpTOCNode>
    <HelpTOCNode Id="1459f3aa-722b-4f31-8d92-6f62db96b176" Title="Comparador Class" Url="html/4a3ef9f0-ef8e-21fc-1686-a1e60096c9d6.htm">
      <HelpTOCNode Id="65e1517c-1a4c-4418-b8c2-479e0ca896b0" Title="Comparador Constructor " Url="html/64af41fa-2840-5db9-21f8-06526b329efa.htm">
        <HelpTOCNode Title="Comparador Constructor " Url="html/be68414c-c207-8f2f-1509-6196a0bbead9.htm" />
        <HelpTOCNode Title="Comparador Constructor (DireccaoOrdenacao)" Url="html/ad8fa21c-8522-c4e5-ff72-4e15be70f216.htm" />
      </HelpTOCNode>
      <HelpTOCNode Id="ee7181ee-8e06-42c5-82ec-a3309df72dd2" Title="Comparador Methods" Url="html/54748fe2-4c79-b475-d0a6-c6e82aa5dfed.htm">
        <HelpTOCNode Title="Compare Method " Url="html/6bb21428-72c9-04a9-6428-d3b1cd80f919.htm" />
      </HelpTOCNode>
      <HelpTOCNode Id="e55fc16c-1d9c-48fd-ba75-c0b5bbdcaabc" Title="Comparador Fields" Url="html/017e78c0-2c4e-909a-8822-49d610289c1a.htm">
        <HelpTOCNode Title="direccao Field" Url="html/a957c8d4-bedb-3dac-025f-9ae793a9ab09.htm" />
      </HelpTOCNode>
    </HelpTOCNode>
    <HelpTOCNode Id="d9fff653-be95-4b97-bb20-51198b0d0efb" Title="Curso Class" Url="html/6bf31180-f5f9-3383-f9d9-d6c2bf8b28d1.htm">
      <HelpTOCNode Title="Curso Constructor " Url="html/08a17455-76ce-d2e7-fd93-635c4a7e1814.htm" />
      <HelpTOCNode Id="84094c37-6691-4d1a-b792-52587cd11881" Title="Curso Properties" Url="html/73a71a80-658d-9f3e-59e9-e0faceea6c07.htm">
        <HelpTOCNode Title="ContadorAulasInseridas Property " Url="html/2acabf35-4e38-48c0-84b5-0c3db715c5ed.htm" />
        <HelpTOCNode Title="ContadorTurmasInseridas Property " Url="html/260ac465-0cd3-594a-726b-e7312b971a69.htm" />
        <HelpTOCNode Title="NomeCurso Property " Url="html/8a71757e-1313-2c7b-1e7c-49848bab9b64.htm" />
      </HelpTOCNode>
      <HelpTOCNode Id="8167c122-8b9e-439a-aa8e-4c186e0d21c1" Title="Curso Methods" Url="html/338b7906-66f0-07de-0078-1c02d8795e14.htm">
        <HelpTOCNode Title="CarregaCurso Method " Url="html/b952cdfc-d3e0-2afd-ae6e-493d3ddcc427.htm" />
        <HelpTOCNode Title="DevolveAlunosTurma Method " Url="html/28532b58-c479-291d-3556-3db292e4556d.htm" />
        <HelpTOCNode Title="GuardaCurso Method " Url="html/739ad2ee-d13a-6349-d557-d1852320632a.htm" />
        <HelpTOCNode Title="InsereAluno Method " Url="html/acc91a79-99ae-9397-ff76-d13c99fdbdef.htm" />
        <HelpTOCNode Title="InsereTurma Method " Url="html/0dd609d1-566b-595c-90cc-9ef681e32bb9.htm" />
        <HelpTOCNode Id="f4fb4f44-77a6-4d9a-b1b0-86b9d0fe5963" Title="VerificaSeTurmaExiste Method " Url="html/d743e7bc-2f4c-d3bf-cee2-2ac9e2a72ffc.htm">
          <HelpTOCNode Title="VerificaSeTurmaExiste Method (String)" Url="html/f6fb114e-b3bd-8178-5315-c7882aa1e1ff.htm" />
          <HelpTOCNode Title="VerificaSeTurmaExiste Method (String, Int32)" Url="html/6c754c09-f898-d33a-8aa8-013ba3b85eb3.htm" />
        </HelpTOCNode>
      </HelpTOCNode>
      <HelpTOCNode Id="f70ed7dc-f22f-4b41-8e0f-97bfb788a229" Title="Curso Fields" Url="html/7be1f21b-ff22-e7d9-3cb9-caa2b2f5b5c9.htm">
        <HelpTOCNode Title="conjuntoAulas Field" Url="html/fd74c434-dcef-789a-8cde-446e5637a476.htm" />
        <HelpTOCNode Title="conjuntoTurma Field" Url="html/f38f8ad7-8260-d195-69a3-3475b1afcc32.htm" />
        <HelpTOCNode Title="contadorAulasInseridas Field" Url="html/b788b7ac-651e-81a7-6943-1e2145c7ab68.htm" />
        <HelpTOCNode Title="contadorTurmasInseridas Field" Url="html/9996623b-2ad3-402e-6f9c-15d9d169ac60.htm" />
        <HelpTOCNode Title="MAXIMOAULAS Field" Url="html/bcd44106-4089-1251-8b1d-11dbf0041621.htm" />
        <HelpTOCNode Title="MAXIMOTURMAS Field" Url="html/d5bf05b9-744a-14a9-145a-a501bac5a902.htm" />
        <HelpTOCNode Title="nomeCurso Field" Url="html/6b29c765-e6a5-8396-11d2-a5b938993411.htm" />
      </HelpTOCNode>
    </HelpTOCNode>
    <HelpTOCNode Title="DireccaoOrdenacao Enumeration" Url="html/9b80a704-e520-f642-658c-d06b5889f622.htm" />
    <HelpTOCNode Id="b672f7d3-3840-4395-9d52-720a82a73d4f" Title="Pessoas Class" Url="html/1991d8b8-45e5-0a84-008b-95fea3039e6d.htm">
      <HelpTOCNode Title="Pessoas Constructor " Url="html/a0f0d259-8fd4-a53f-48e9-83ad5463002b.htm" />
      <HelpTOCNode Id="acad634e-968e-46ae-8e27-f473403628d4" Title="Pessoas Methods" Url="html/c5cee9b5-c94a-78ee-0c94-a14c64550be1.htm">
        <HelpTOCNode Title="CarregaPessoas Method " Url="html/d66ceaef-057e-0b01-bbd0-44bc290cfe3f.htm" />
        <HelpTOCNode Title="DevolveAluno Method " Url="html/ccc1c34c-fe56-9ae9-8ad0-41812d026082.htm" />
        <HelpTOCNode Title="DevolveDocente Method " Url="html/744748b1-c583-9d63-c99f-2b9a10065a09.htm" />
        <HelpTOCNode Id="e0288abf-9d64-45f2-89d6-2f7d91f8d34d" Title="ExisteAluno Method " Url="html/e062f10e-48c0-47c8-8f58-5e0654d812ef.htm">
          <HelpTOCNode Title="ExisteAluno Method (Int32)" Url="html/892b778c-da1e-d04b-191c-d791b5a35b31.htm" />
          <HelpTOCNode Title="ExisteAluno Method (Aluno)" Url="html/ce7c429b-fef0-c651-bc0e-5a051839ebbc.htm" />
        </HelpTOCNode>
        <HelpTOCNode Id="da7dccc6-cdcc-4b42-b444-9c7ed2cbd328" Title="ExisteDocente Method " Url="html/dfe821d8-7dae-38d9-73dd-88b886d6d5b0.htm">
          <HelpTOCNode Title="ExisteDocente Method (Int32)" Url="html/12b4668f-3104-e386-7441-87389fe325b6.htm" />
          <HelpTOCNode Title="ExisteDocente Method (Docente)" Url="html/40df185d-65ed-e1bf-f2ce-c9a343a9dfc2.htm" />
        </HelpTOCNode>
        <HelpTOCNode Title="GuardaPessoas Method " Url="html/a36235e7-e506-3275-2e2b-238d0ea8906f.htm" />
        <HelpTOCNode Title="InsereAluno Method " Url="html/ce6f1006-7638-74a9-f605-8ed0f22379a7.htm" />
        <HelpTOCNode Title="InsereDocente Method " Url="html/7b56ae52-e2a3-bbda-7a4f-dfdcba120eda.htm" />
      </HelpTOCNode>
      <HelpTOCNode Id="e4fbe6f8-91bd-45c1-aaec-2bf058b4eb17" Title="Pessoas Fields" Url="html/e32b5ce4-2f88-c865-057f-fe29677bc6a0.htm">
        <HelpTOCNode Title="conjuntoAlunos Field" Url="html/107e4cab-ffa8-b89a-a921-dd760016c8a9.htm" />
        <HelpTOCNode Title="conjuntoDocentes Field" Url="html/6835b04f-a703-f4ae-0376-bcfd440c2559.htm" />
        <HelpTOCNode Title="contadorAlunos Field" Url="html/5058bbdb-51cd-e99d-db6b-324d000b3026.htm" />
        <HelpTOCNode Title="contadorDocentes Field" Url="html/4bbe9f79-e0d4-e507-55dd-352a0c5f20f2.htm" />
        <HelpTOCNode Title="MAXALUNOS Field" Url="html/ed23db37-2ced-3b07-c531-ce314dd2636f.htm" />
        <HelpTOCNode Title="MAXDOCENTES Field" Url="html/99b6f0b2-b2ec-30d7-928c-b15bd4984c40.htm" />
      </HelpTOCNode>
    </HelpTOCNode>
    <HelpTOCNode Title="RegimeEstudos Enumeration" Url="html/f18b5cfe-1b66-bbe9-88c1-39f16f98b1cd.htm" />
    <HelpTOCNode Id="fd0139c2-e5a9-4ee5-9c56-2092f7a1fcec" Title="TabelaDeHash Class" Url="html/c6b5f0c8-83e4-c9a8-d0cc-28b20ef9fb1f.htm">
      <HelpTOCNode Id="72e08ce6-a4f3-4ed2-97fc-3eb4faf88ece" Title="TabelaDeHash Constructor " Url="html/7d8ba9c4-8c2b-be9a-29c7-d282de5e7c75.htm">
        <HelpTOCNode Title="TabelaDeHash Constructor " Url="html/0c5f821e-13cb-3136-2aff-14e07df8d4b2.htm" />
        <HelpTOCNode Title="TabelaDeHash Constructor (Int32)" Url="html/8aad15d2-60e1-20b3-87ed-91e19770d212.htm" />
      </HelpTOCNode>
      <HelpTOCNode Id="3f988165-85e8-4d83-b8aa-568b119f1f1d" Title="TabelaDeHash Methods" Url="html/8de4307a-4d28-c32a-3f2d-e40f7270446f.htm">
        <HelpTOCNode Title="DevolveListaIdentificador Method " Url="html/df437e61-44ed-e4d1-15d5-07947b710c15.htm" />
        <HelpTOCNode Title="FuncaoHash Method " Url="html/eb086dc5-65c2-c5d0-716c-50e0f540705e.htm" />
        <HelpTOCNode Title="InsereAula Method " Url="html/37ce8994-6c39-bc23-d0f1-8234d29baac9.htm" />
      </HelpTOCNode>
      <HelpTOCNode Id="006a7311-e01b-483e-a1af-97d1f971691b" Title="TabelaDeHash Fields" Url="html/015dacb8-6ff4-1f0f-7432-f24654753f5c.htm">
        <HelpTOCNode Title="tabelaHash Field" Url="html/fca7258c-5214-2040-0fe8-fb2ab1520b68.htm" />
      </HelpTOCNode>
    </HelpTOCNode>
    <HelpTOCNode Id="9b8cda27-4e73-4531-904c-a548dc0567af" Title="Turma Class" Url="html/61a8b7dc-ec1b-2e56-586e-8e7c7002847c.htm">
      <HelpTOCNode Id="830424be-f523-4792-8d00-bc66d1203358" Title="Turma Constructor " Url="html/b180800b-3e23-5377-0580-430fefbfc2e8.htm">
        <HelpTOCNode Title="Turma Constructor " Url="html/9c86b6e1-2514-1b1e-6df0-11a8ccbde6f6.htm" />
        <HelpTOCNode Title="Turma Constructor (String)" Url="html/f7b9246c-9a8f-1b21-6544-ccba71a41547.htm" />
        <HelpTOCNode Title="Turma Constructor (String, Int32)" Url="html/cfa47519-8efb-fe24-76f5-c0ca02784fc5.htm" />
      </HelpTOCNode>
      <HelpTOCNode Id="36dd225c-f03e-4f17-a4e6-335c12846ab5" Title="Turma Properties" Url="html/0204fe76-bfe5-b607-18a6-1f5d74f519bb.htm">
        <HelpTOCNode Title="ConjuntoAlunosIdentificacao Property " Url="html/34e854c9-a81f-5c81-a315-562d679647dd.htm" />
        <HelpTOCNode Title="ContadorAlunos Property " Url="html/03b31e6f-51ce-7b8e-af77-8917e0d51437.htm" />
        <HelpTOCNode Title="IdentificacaoTurma Property " Url="html/7bc0494a-6ac0-c1be-29dc-85c1f8069e7d.htm" />
      </HelpTOCNode>
      <HelpTOCNode Id="e5b1fa4f-7d96-4763-ad81-9cab062494ed" Title="Turma Methods" Url="html/c8a56ab2-cc96-0256-ce13-bbb374220357.htm">
        <HelpTOCNode Title="ExisteAluno Method " Url="html/1040cce7-4125-8afb-84cf-a77a83f2b95b.htm" />
        <HelpTOCNode Title="InsereAluno Method " Url="html/47bbd408-f57b-ffcd-92c0-10d24c169e00.htm" />
        <HelpTOCNode Title="InsereConjuntoAlunos Method " Url="html/7c44883a-f60d-2fec-1459-ed844136d733.htm" />
      </HelpTOCNode>
      <HelpTOCNode Id="71ea9b1b-ac1e-434c-8dc0-9ef9632763df" Title="Turma Fields" Url="html/d3e7199c-1429-d4c4-9e50-ecec5c5de39e.htm">
        <HelpTOCNode Title="conjuntoAlunosIdentificacao Field" Url="html/ed0b51e8-1a4c-bedf-a62d-d31c0004d579.htm" />
        <HelpTOCNode Title="contadorAlunos Field" Url="html/00f1dd74-c7ff-7d29-5285-2b435163f3cd.htm" />
        <HelpTOCNode Title="identificacaoTurma Field" Url="html/93366864-6937-759f-f6ae-a066bc97b4d0.htm" />
        <HelpTOCNode Title="TAMANHOMAXIMOALUNOS Field" Url="html/288eb8d3-d4f1-a1cf-5560-0550bf8c9c0f.htm" />
      </HelpTOCNode>
    </HelpTOCNode>
  </HelpTOCNode>
  <HelpTOCNode Id="488f3ff1-0f46-4291-8d6b-0352702c402f" Title="PresentationLayer_PL" Url="html/d6ad0166-0daa-15a1-ee11-087ef663ec96.htm">
    <HelpTOCNode Id="1f87bf12-4a8d-48ee-be78-47d9b212bb34" Title="Program Class" Url="html/645be301-1100-9758-ef9b-8d9a69fb7d24.htm">
      <HelpTOCNode Title="Program Constructor " Url="html/88638dad-9b5c-e59d-6e93-1652db0fe6fd.htm" />
      <HelpTOCNode Id="4f57271f-e448-4e36-ad42-98e31dac3ebe" Title="Program Methods" Url="html/2b20f7ad-d05f-7360-3692-f331b5a1e9c4.htm">
        <HelpTOCNode Title="Main Method " Url="html/e2fb8451-fd55-bbcc-025f-fb8e6c2fd481.htm" />
        <HelpTOCNode Title="Menu Method " Url="html/2054a67d-5fdd-6f7a-8adf-a995e61cf4af.htm" />
        <HelpTOCNode Title="RecebeAluno Method " Url="html/4af2331e-c9e3-6476-36fe-d1e2f2a8de90.htm" />
        <HelpTOCNode Title="RecebeAula Method " Url="html/04d67da2-b922-6cf1-6234-44a8b493af2e.htm" />
        <HelpTOCNode Title="RecebeDocente Method " Url="html/8b83657d-4986-ef09-b8ed-a2c3c17762f5.htm" />
      </HelpTOCNode>
    </HelpTOCNode>
  </HelpTOCNode>
</HelpTOC>
